[
    {
        "image":"image-1.png",
        "title":"Vladimir Putin",
        "description" :"Meals on wheels best in the UAE"
    },
    {
        "image":"image-2.png",
        "title":"Vladimir Putin",
        "description" :"Meals on wheels best in the UAE"
    },
    {
        "image":"image-3.png",
        "title":"Vladimir Putin",
        "description" :"Meals on wheels best in the UAE"
    },
    {
        "image":"image-4.png",
        "title":"Vladimir Putin",
        "description" :"Meals on wheels best in the UAE"
    },
    {
        "image":"image-5.png",
        "title":"Vladimir Putin",
        "description" :"Meals on wheels best in the UAE"
    }
]