[
    {
        "image":"person-1.png",
        "title": "Omar Mukhtar",
        "description": "Meals on wheels: Meals on wheels: best in the UAE best in Meals on wheels: best in",
        "tag": "U. R. Oliver"
    },
    {
        "image":"person-2.png",
        "title": "Lil Larry",
        "description": "Meals on wheels: Meals on wheels: best in the UAE best in Meals on wheels: best in",
        "tag": "U. R. Oliver"
    },
    {
        "image":"person-3.png",
        "title": "Lubna Hamdan",
        "description": "Meals on wheels: Meals on wheels: best in the UAE best in Meals on wheels: best in",
        "tag": "U. R. Oliver"
    },
    {
        "image":"person-4.png",
        "title": "Shawn Jhon",
        "description": "Meals on wheels: Meals on wheels: best in the UAE best in Meals on wheels: best in",
        "tag": "U. R. Oliver"
    }
]